{
  "experiment": "best_baseline_vs_S0_baseline_paired_bootstrap",
  "n_boot": 5000,
  "seeds": [
    42,
    7,
    13,
    21,
    100
  ],
  "best_model": {
    "name": "Transformer+T2V + market + audit (44 features)",
    "5seed_test_pr_auc": [
      0.4616545894767977,
      0.4465404080147915,
      0.4250264110336943,
      0.3845249549465875,
      0.4405872978723849
    ],
    "5seed_mean": 0.4316667322688512,
    "5seed_std": 0.0263306488184947,
    "ensemble_point": 0.4542985509038593,
    "ensemble_ci95": [
      0.3307151397590029,
      0.5863107381331333
    ]
  },
  "baseline_model": {
    "name": "RF baseline (S0 canonical, 33 features)",
    "5seed_test_pr_auc": [
      0.2875799954286887,
      0.27673391322521695,
      0.24827718076227143,
      0.2638569357814113,
      0.27084286056051166
    ],
    "5seed_mean": 0.26945817715161996,
    "5seed_std": 0.013139729785315489,
    "ensemble_point": 0.2702216165830085,
    "ensemble_ci95": [
      0.16675988610258297,
      0.40194262239338974
    ]
  },
  "paired_delta": {
    "mean": 0.18285187296875752,
    "ci95_lo": 0.0936671620030066,
    "ci95_hi": 0.2788557835344004,
    "p_best_gt_baseline": 1.0,
    "p_best_geq_baseline": 1.0,
    "ci95_strictly_positive": true
  }
}