{
  "experiment": "oos_2025",
  "n_boot": 5000,
  "train_pos": 301,
  "test_2025_n": 5507,
  "test_2025_pos": 21,
  "base_rate": 0.00381332849101144,
  "models": [
    {
      "model": "RF-38",
      "pr_2025": 0.09539530496516682,
      "ci_lo": 0.04686857306303976,
      "ci_hi": 0.1982212626692842,
      "roc_2025": 0.9406194121833933,
      "p20_2025": 0.1,
      "pr_2024_ref": 0.367
    },
    {
      "model": "LogReg-38",
      "pr_2025": 0.0610319234676733,
      "ci_lo": 0.024333836559291628,
      "ci_hi": 0.15849280734251117,
      "roc_2025": 0.8589396385604916,
      "p20_2025": 0.1,
      "pr_2024_ref": 0.413
    },
    {
      "model": "Transformer-38",
      "pr_2025": 0.09167754858166069,
      "ci_lo": 0.04180759484138344,
      "ci_hi": 0.20824475855230004,
      "roc_2025": 0.9431540023957086,
      "p20_2025": 0.15,
      "pr_2024_ref": 0.458
    }
  ],
  "caveat": "2025 양성 21개 저표본; 2025 라벨(=2026 상폐)은 데이터 vintage상 일부 censoring 가능"
}