seed,best_epoch,valid_pr_auc,test_pr_auc,test_roc_auc,test_p20,test_p50
42,14,0.12897627053478727,0.3658952266114888,0.8825268451814599,0.75,0.36
7,22,0.18830036976990838,0.31040382727273463,0.9059671061574011,0.6,0.36
13,8,0.11180545496620768,0.3538456122987019,0.8853982601603915,0.7,0.42
21,22,0.1613492880581326,0.35274744509646866,0.8891735761859454,0.75,0.42
100,17,0.12844030934606296,0.32696296927151014,0.8822787821122741,0.7,0.38
